"Epic","Feature","Story","FAILED","BROKEN","PASSED","SKIPPED","UNKNOWN"
"DummyJSON API","Quotes 模块","分页","0","0","1","0","0"
"DummyJSON API","Recipes 模块","删除食谱","0","0","1","0","0"
"DummyJSON API","Recipes 模块","获取食谱列表","0","0","2","0","0"
"DummyJSON API","Products 模块","JSON数据驱动","0","0","2","0","0"
"DummyJSON API","Utility 模块","测试端点","0","0","1","0","0"
"DummyJSON API","Posts 模块","关键字驱动: 帖子CRUD流程","0","0","1","0","0"
"DummyJSON API","Users 模块","获取单个用户","0","0","2","0","0"
"DummyJSON API","Products 模块","分页获取商品","0","0","1","0","0"
"DummyJSON API","Recipes 模块","获取单个食谱","0","0","2","0","0"
"DummyJSON API","Users 模块","删除用户","0","0","1","0","0"
"DummyJSON API","Posts 模块","删除帖子","0","0","1","0","0"
"DummyJSON API","Recipes 模块","选择字段","0","0","1","0","0"
"DummyJSON API","Auth 模块","User端点登录","0","0","1","0","0"
"DummyJSON API","Comments 模块","获取评论列表","0","0","2","0","0"
"DummyJSON API","Todos 模块","获取待办列表","0","0","2","0","0"
"DummyJSON API","Posts 模块","获取帖子列表","0","0","2","0","0"
"DummyJSON API","Users 模块","选择字段","0","0","1","0","0"
"DummyJSON API","Posts 模块","获取用户帖子","0","0","1","0","0"
"DummyJSON API","Carts 模块","获取购物车列表","0","0","2","0","0"
"DummyJSON API","Users 模块","获取用户列表","0","0","2","0","0"
"DummyJSON API","Products 模块","搜索商品","0","0","1","0","0"
"DummyJSON API","Auth 模块","数据驱动登录测试","0","0","5","0","0"
"DummyJSON API","Users 模块","获取用户购物车","0","0","1","0","0"
"DummyJSON API","Products 模块","部分更新商品","0","0","1","0","0"
"DummyJSON API","Recipes 模块","关键字驱动: 食谱查询流程","0","0","1","0","0"
"DummyJSON API","Carts 模块","排序","0","0","1","0","0"
"DummyJSON API","Products 模块","获取单个商品","0","0","2","0","0"
"DummyJSON API","Carts 模块","关键字驱动: 购物车流程","0","0","1","0","0"
"DummyJSON API","Quotes 模块","获取单个名言","0","0","1","0","0"
"DummyJSON API","Users 模块","获取用户帖子","0","0","1","0","0"
"DummyJSON API","Comments 模块","更新评论","0","0","1","0","0"
"DummyJSON API","Quotes 模块","异常场景","0","0","1","0","0"
"DummyJSON API","Posts 模块","获取单个帖子","0","0","2","0","0"
"DummyJSON API","Comments 模块","获取单个评论","0","0","2","0","0"
"DummyJSON API","Utility 模块","IP地址查询","0","0","1","0","0"
"DummyJSON API","Products 模块","添加商品","0","0","1","0","0"
"DummyJSON API","Auth 模块","刷新Token","0","0","1","0","0"
"DummyJSON API","Todos 模块","获取用户待办","0","0","1","0","0"
"DummyJSON API","Carts 模块","分页","0","0","1","0","0"
"DummyJSON API","Todos 模块","选择字段","0","0","1","0","0"
"DummyJSON API","Users 模块","排序","0","0","1","0","0"
"DummyJSON API","Todos 模块","获取单个待办","0","0","1","0","0"
"DummyJSON API","Carts 模块","获取单个购物车","0","0","2","0","0"
"DummyJSON API","Carts 模块","部分更新购物车","0","0","1","0","0"
"DummyJSON API","Posts 模块","排序","0","0","1","0","0"
"DummyJSON API","Users 模块","部分更新用户","0","0","1","0","0"
"DummyJSON API","Users 模块","获取用户待办","0","0","1","0","0"
"DummyJSON API","Carts 模块","添加购物车","0","0","1","0","0"
"DummyJSON API","Quotes 模块","获取随机名言","0","0","2","0","0"
"DummyJSON API","Comments 模块","添加评论","0","0","1","0","0"
"DummyJSON API","Posts 模块","获取帖子评论","0","0","1","0","0"
"DummyJSON API","Users 模块","过滤用户-性别","0","0","1","0","0"
"DummyJSON API","Recipes 模块","排序","0","0","1","0","0"
"DummyJSON API","Posts 模块","获取帖子标签","0","0","1","0","0"
"DummyJSON API","Todos 模块","添加待办","0","0","1","0","0"
"DummyJSON API","Recipes 模块","获取食谱标签","0","0","1","0","0"
"DummyJSON API","Auth 模块","获取当前用户","0","0","2","0","0"
"DummyJSON API","Posts 模块","搜索帖子","0","0","1","0","0"
"DummyJSON API","Products 模块","选择字段","0","0","1","0","0"
"DummyJSON API","Products 模块","异常场景","0","0","1","0","0"
"DummyJSON API","Users 模块","更新用户","0","0","1","0","0"
"DummyJSON API","Users 模块","添加用户","0","0","1","0","0"
"DummyJSON API","Products 模块","获取分类slug列表","0","0","1","0","0"
"DummyJSON API","Recipes 模块","搜索食谱","0","0","1","0","0"
"DummyJSON API","Carts 模块","异常场景","0","0","1","0","0"
"DummyJSON API","Posts 模块","更新帖子","0","0","1","0","0"
"DummyJSON API","Products 模块","获取商品列表","0","0","2","0","0"
"DummyJSON API","Quotes 模块","获取名言列表","0","0","2","0","0"
"DummyJSON API","Comments 模块","分页","0","0","1","0","0"
"DummyJSON API","Posts 模块","获取标签列表","0","0","1","0","0"
"DummyJSON API","Quotes 模块","边界场景","0","0","1","0","0"
"DummyJSON API","Todos 模块","关键字驱动: 待办CRUD流程","0","0","1","0","0"
"DummyJSON API","Posts 模块","添加帖子","0","0","1","0","0"
"DummyJSON API","Carts 模块","获取用户购物车","0","0","1","0","0"
"DummyJSON API","Posts 模块","异常场景","0","0","1","0","0"
"DummyJSON API","Users 模块","过滤用户","0","0","1","0","0"
"DummyJSON API","Posts 模块","部分更新帖子","0","0","1","0","0"
"DummyJSON API","Todos 模块","获取随机待办","0","0","2","0","0"
"DummyJSON API","Posts 模块","按标签获取帖子","0","0","1","0","0"
"DummyJSON API","Recipes 模块","异常场景","0","0","1","0","0"
"DummyJSON API","Carts 模块","删除购物车","0","0","1","0","0"
"DummyJSON API","Products 模块","获取分类列表","0","0","1","0","0"
"DummyJSON API","Products 模块","按分类获取商品","0","0","1","0","0"
"DummyJSON API","Quotes 模块","选择字段","0","0","1","0","0"
"DummyJSON API","Todos 模块","删除待办","0","0","1","0","0"
"DummyJSON API","Users 模块","关键字驱动: 用户CRUD流程","0","0","1","0","0"
"DummyJSON API","Auth 模块","鉴权失败","0","0","1","0","0"
"DummyJSON API","Products 模块","排序获取商品","0","0","1","0","0"
"DummyJSON API","Products 模块","关键字驱动: 完整CRUD流程","0","0","1","0","0"
"DummyJSON API","Todos 模块","更新待办","0","0","1","0","0"
"DummyJSON API","Products 模块","边界场景","0","0","1","0","0"
"DummyJSON API","Quotes 模块","排序名言","0","0","1","0","0"
"DummyJSON API","Users 模块","搜索用户","0","0","1","0","0"
"DummyJSON API","Auth 模块","User端点获取当前用户","0","0","1","0","0"
"DummyJSON API","Comments 模块","关键字驱动: 评论CRUD流程","0","0","1","0","0"
"DummyJSON API","Quotes 模块","关键字驱动: 名言查询流程","0","0","1","0","0"
"DummyJSON API","Todos 模块","异常场景","0","0","1","0","0"
"DummyJSON API","Posts 模块","选择字段","0","0","1","0","0"
"DummyJSON API","Comments 模块","选择字段","0","0","1","0","0"
"DummyJSON API","Auth 模块","关键字驱动: 登录+获取用户组合","0","0","1","0","0"
"DummyJSON API","Auth 模块","用户登录","0","0","1","0","0"
"DummyJSON API","Comments 模块","按帖子获取评论","0","0","1","0","0"
"DummyJSON API","Todos 模块","部分更新待办","0","0","1","0","0"
"DummyJSON API","Products 模块","更新商品","0","0","1","0","0"
"DummyJSON API","Todos 模块","分页","0","0","1","0","0"
"DummyJSON API","Posts 模块","分页","0","0","1","0","0"
"DummyJSON API","Comments 模块","异常场景","0","0","1","0","0"
"DummyJSON API","Auth 模块","Token过期时间","0","0","1","0","0"
"DummyJSON API","Recipes 模块","按标签获取食谱","0","0","1","0","0"
"DummyJSON API","Recipes 模块","部分更新食谱","0","0","1","0","0"
"DummyJSON API","Recipes 模块","添加食谱","0","0","1","0","0"
"DummyJSON API","Products 模块","删除商品","0","0","1","0","0"
"DummyJSON API","Users 模块","分页","0","0","1","0","0"
"DummyJSON API","Comments 模块","部分更新评论","0","0","1","0","0"
"DummyJSON API","Recipes 模块","按餐类获取食谱","0","0","1","0","0"
"DummyJSON API","Products 模块","添加商品-最小数据","0","0","1","0","0"
"DummyJSON API","Recipes 模块","分页","0","0","1","0","0"
"DummyJSON API","Recipes 模块","更新食谱","0","0","1","0","0"
"DummyJSON API","Carts 模块","更新购物车","0","0","1","0","0"
"DummyJSON API","Users 模块","异常场景","0","0","1","0","0"
"DummyJSON API","Comments 模块","删除评论","0","0","1","0","0"
